"","baseMean","log2FoldChange","lfcSE","stat","pvalue","padj","A","B","C","D","E","F","G","H","L","M","N"
"Pocillopora_acuta_HIv2___RNAseq.g3840.t1",1181.14039019923,-0.585886011134804,0.126447910519334,-4.63341789301629,3.59677451246452e-06,0.0179243198184386,1258,1778,1533,1010,1701,860,1386,945,1431,1093,539
"Pocillopora_acuta_HIv2___TS.g8875.t1",7.95918571942814,-6.24488634880957,1.23410833438169,-5.06024161317927,4.18725539645188e-07,0.00501905368095705,12,15,13,0,9,0,24,0,18,0,3
"Pocillopora_acuta_HIv2___RNAseq.g23880.t1",149.951644620428,3.95060966639533,0.842106745113056,4.69134072292099,2.71420527215818e-06,0.0179243198184386,85,22,29,39,18,663,15,456,228,27,67
"Pocillopora_acuta_HIv2___TS.g27995.t2",15.5311963913972,-4.59043670165295,0.994379534685823,-4.61638292174155,3.90486150996001e-06,0.0179243198184386,20,17,20,4,48,0,21,0,23,0,16
"Pocillopora_acuta_HIv2___TS.g21597.t2",1452.2411456119,0.87992042625899,0.191808797829911,4.5874873113968,4.48612684731287e-06,0.0179243198184386,657,1269,1278,2571,1729,2784,1405,2430,746,1747,271
"Pocillopora_acuta_HIv2___TS.g27278.t1",17.6774005804412,-21.2254589916764,3.048229180669,-6.96320969770981,3.32606157311632e-12,7.97356740923176e-08,72,0,0,0,84,0,0,0,59,0,0
"Pocillopora_acuta_HIv2___RNAseq.g23882.t1",137.973238508524,5.67286604875968,1.27741977863255,4.4408785143693,8.95923656892415e-06,0.0306828254666884,81,13,0,11,14,573,0,623,178,25,32
